Tour_id,name,Tour_price,rating
T1,Caserta Royal Palace: Day Trip from Naples,$192.93,5.0
T2,Skip-the-lines Castel Sant'Angelo and Pope Paul III Apartments Tour,$275.15,5.0
T3,"Rome: Skip-the-Line Colosseum, Forum and Palatine Hill Tour",$137.48,4.5
T4,Venice Low Cost Private Gondola Ride,$196.49,1.0
T5,"Ostuni, Alberobello and Polignano a Mare Independent Tour. Departing from Lecce",$93.96,5.0
T6,Semi-Private Tour: Day Trip to Florence and Pisa from Rome with Lunch included,$32.79,4.5
T7,"Early Morning Colosseum Tour, Roman Forum and Palatine Hill",$88.24,5.0
T8,"Unique Private Rome by Night, Photo Tour and Workshop Under the Stars",$215.11,5.0
T9,1-Hour Florence Accademia Gallery and David Small Group Tour,$101.07,5.0
T10,Skip-the-Line Borghese Gallery & Gardens Private Guided Tour,$15.07,
T11,Private Tour: Lake Como From Milan with Private Driver and Private Boat,$44.42,
T12,Milan Segway Tour by Night,$225.16,5.0
T13,Full day tour to Pompeii and Mt Vesuvius from Sorrento,$194.81,3.5
T14,Complete Vatican Combo Tour with Sistine Chapel & Dome Climb,$170.16,4.5
T15,Medici Chapels Private Tour with a 5-Star Guide,$67.18,
T16,Finance and Nobility: Explore medieval Genoa on an audio walking tour,$298.70,
T17,Off the beaten path walk in Venice,$173.41,5.0
T18,Amalfi Coast and Pompeii for Families Private Tour,$279.46,5.0
T19,Colosseum Undergrounds Best View from Gladiator's Arena and Roman Forum Tour,$84.99,5.0
T20,"Vatican Gardens, Vatican Museums, Sistine Chapel Tour",$213.44,5.0
T21,Skip the line Vatican museums private tour,$265.61,5.0
T22,"Como, Lugano & Bellagio: Luxury Bus From Milan",$35.27,
T23,Vatican City Tour (Skip the Line),$76.16,
T24,Tui collection Secrets of Alberobello,$261.07,
T25,Spacca Pizza Giuded Tour + Pizza Dinner,$109.61,5.0
T26,"Early Morning Guided Tour of Vatican Museums, Sistine Chapel & St Peter's",$192.93,5.0
T27,Milan Half-Day Sightseeing Tour,$275.15,4.0
T28,Street Art Tour in a Colourful Roman Suburb,$137.48,
T29,Testaccio: Discover the hearth of Roman food tradition on an audio tour,$196.49,
T30,Florence and Siena Private Full-Day Tour from Rome,$93.96,
T31,Breakfast At The Vatican Early Access Sistine Chapel Museums & St Peter's,$32.79,
T32,Skip The Line: 2-hours Private Tour of The Doge's Palace and St Mark Basilic.,$88.24,
T33,The Instagrammable Places of Venice with a Local,$215.11,
T34,Modena Half Day Tour,$101.07,
T35,Mantua Private Walking Tour,$15.07,
T36,"Trevi Fountain, Spanish Steps, Navona Square Small Group Tour",$44.42,
T37,Private Pompeii and The Mount Vesuvius Tour,$225.16,
T38,"Turin private guided tour, the royal Castle, the Mole tower, the City of Magic",$194.81,
T39,San Gimignano and Volterra Private Day Tour with Wine Tasting & Lunch in Chianti,$170.16,
T40,Cinque Terre Full Day Tour from Montecatini,$67.18,
T41,Colosseum Arena Floor Tour with Roman Forum,$298.70,5.0
T42,Knowledge and Flavors,$173.41,5.0
T43,Day Trip to Rome: Highlights & Hidden Gems PRIVATE Tour,$279.46,5.0
T44,Private Tour - St. Angel's Castle,$84.99,5.0
T45,"Semi private excursion Pompeii, Positano and Sorrento",$213.44,5.0
T46,Heart of Rome Walking Tour with Gelato | Semi-Private and Private Options,$265.61,5.0
T47,12 People Guided Tour: Express Colosseum,$35.27,5.0
T48,Padre Pio San Giovanni Rotondo Private Tour from Rome,$76.16,5.0
T49,The Pearl of Sicily: Private Taormina Walking Tour,$261.07,5.0
T50,CSTRents - Taormina Segway PT Authorized Tour,$109.61,4.0
T51,MONREALE and SEGESTA Exclusive Tour - with Local Guide - starts from Palermo,$192.93,5.0
T52,Milan roof top view over Alps Cathedral and Baptistry,$275.15,5.0
T53,the splendour of Pompeii ruins with pompeii guide,$137.48,5.0
T54,Biennale Art Venice 2022 Private Guided Tour,$196.49,5.0
T55,4 days in Rome!,$93.96,5.0
T56,Semi private Vatican tour with optional S.P. Colosseum by arena entrance tour,$32.79,
T57,Private Guided Tour of the Colosseum with Roman Forum and Palatine Hill,$88.24,5.0
T58,Roman Catacombs and Ancient Appian Way Skip-The-Line Included Halfday from Rome,$215.11,
T59,GAY & LESBIAN Tour | Rome: the Colosseum under a gay light,$101.07,4.0
T60,Syracuse & Noto (departure from Catania area),$15.07,
T61,Archaeological tour of the Nuraghe Arrubiu in Orroli,$44.42,4.0
T62,Siracusa & Noto: small group tour from Taormina,$225.16,
T63,Cagliari Private Walking Tour,$194.81,
T64,The Best of Capri Walking Tour,$170.16,
T65,Tour Archaeological Park of Ancient Ostia in Mini Vintage Cabrio and fast lunch,$67.18,
T66,"Holiday Package Colosseum,Vatican, Roman forum, Fountain & Sightseeing Tour",$298.70,
T67,Private: Rome Walking Tour + dinner,$173.41,
T68,Life and death of the Roman city of Pompeii with a local guide. Private tour,$279.46,
T69,Panoramic Guided Historic Stroll in Torino for Small-Groups,$84.99,
T70,Private tour of Turin in the footsteps of the Romans,$213.44,
T71,Walking Tour of Valley of Temples,$265.61,
T72,Rome Jewish Ghetto and Great Synagogue Walking Tour,$35.27,
T73,Private Day Trip to Lake Garda (Sirmione with Castle) from Venice with a local,$76.16,
T74,Small-Group Bologna Tour of City Highlights with Top-Rated Local Guide,$261.07,
T75,Exclusive Private Colosseum Tour with Roman Forum and Palatine - Skip the line,$109.61,
T76,The Grandeur Of Como: Villa Olmo and Brunate Funicular,$192.93,
T77,Private Gondola Ride with Serenade in Venice,$275.15,3.0
T78,Amalfi Coast private tour from Sorrento Hotels with English speaking driver,$137.48,5.0
T79,2-Hour Small-Group Classic Rome Segway Tour,$196.49,5.0
T80,"HALF DAY Tour of Rome,",$93.96,5.0
T81,3-Hour Accademia Gallery Skip-the-Line & Florence Walking Tour,$32.79,5.0
T82,Spaccanapoli tour of the historical center of Naples,$88.24,5.0
T83,VIP Vatican in a Day Tour: Experience Art and History as Never Before,$215.11,5.0
T84,Tourist Guides Agrigento and Valley of the Temples,$101.07,5.0
T85,ASK your Turin friend anything you want!,$15.07,5.0
T86,"Saint Peter's Basilica, Vatican Museums and Sistine Chapel - Private Tour",$44.42,5.0
T87,Postojna Cave and Predjama Castle from Sistiana,$225.16,4.5
T88,"Tuscan countryside, Bocelli Wine Tour & Volterra from Rome",$194.81,5.0
T89,Half Day Private Vatican and Sistine Chapel Tour for Kids and Families,$170.16,5.0
T90,"Best Shore Excursion Etna, Taormina, Messina With Tasting Of Sicilian Products",$67.18,5.0
T91,"Colosseum, Forums and Palatine Hill Private Skip-the-line Tour",$298.70,5.0
T92,Private Vatican Highlights Tour - Skip The Line,$173.41,4.5
T93,Amazing Sunrise Tour in Rome,$279.46,5.0
T94,Exploring Ancient Rome Private Tour,$84.99,5.0
T95,Royal Palace of Caserta,$213.44,5.0
T96,Skip the Line Colosseum and Roman Forum with private guide,$265.61,5.0
T97,"Milan - Last Supper, the Duomo & Sforzesco Castle private tour",$35.27,5.0
T98,Half-Day Small-Group Imperial Highlights Tour in Rome,$76.16,5.0
T99,"Orvieto, the Cathedral with golden mosaics and the medieval city – Private Tour",$261.07,5.0
T100,Full Day Ravenna Private Tour of Must-See Sites with Native Top-Rated Guide,$109.61,5.0
T101,Boat excursion of Ortigia Island from Syracuse,$192.93,5.0
T102,Discover Capri from Amalfi Coast,$275.15,
T103,Semi-Private: Discover Sorrento and Capri - from Amalfi,$137.48,
T104,Semi-private: Amalfi Coast boat tour,$196.49,2.0
T105,Sorrento: Private Sailing Tour along Amalfi Coast & Capri,$93.96,
T106,Private tour of Capri island by boat or dinghy,$32.79,1.0
T107,Private Cruise: Murano and Burano from Venice,$88.24,
T108,Capri and Anacapri Fd - Walking Tour,$215.11,
T109,Capri Day Trip from Rome at your leisure!,$101.07,
T110,Capri Amalfi private boat tour from Positano,$15.07,
T111,7-Days Italian Lakes and the Dolomites Tour from Milan,$44.42,2.0
T112,Private Cruise: The Islands of Venice,$225.16,
T113,Byzantine Venice Tour and Gondola Ride - T135,$194.81,
T114,"Classic Venice: Doge's Palace & Saint Mark's Basilica, Gondola ride",$170.16,3.0
T115,Afternoon in Venice Walking tour with Doge's Palace and Gondola Ride,$67.18,
T116,Lipari & Vulcano - Aeolian Islands Tour from Taormina,$298.70,1.0
T117,Private Cruise: San Giorgio Maggiore and San Lazzaro degli Armeni Island,$173.41,
T118,7 Days Gran Tour Sardinia and Corsica from Genoa or Rome,$279.46,
T119,Positano private boat tour from Sorrento,$84.99,
T120,luxury full day private excursion around Amalfi Coast with MY ITAMA 38 ft 12 mt,$213.44,
T121,Procida Boat Tour from Ischia,$265.61,
T122,One Day Private Tour of the Palermitan Coast by Dinghy with Skipper,$35.27,
T123,Sorrento - Positano - Amalfi One day cruise,$76.16,
T124,Positano & Amalfi Tour,$261.07,
T125,Capri Island and Blue Grotto from Sorrento or Positano or Amalfi or Salerno,$109.61,
T126,Luxury Islands Tour- Only Murano And Burano,$87.97,3.0
T127,SEMI PRIVATE TOUR: Discover Capri by boat,$215.11,2.5
T128,Best of Rome-Food and Culture Tour,$192.93,
T129,Rome in a day: Baroque itinerary from Civitavecchia pier - Small Group Tour,$275.15,
T130,TAGLIAMENTO TOUR | 40km | Sport,$137.48,
T131,The Leaning Tower of Pisa and the Renaissance Florence 13 hrs Day Tour from Rome,$196.49,
T132,Private Guided Tour in Pompeii and Villa of the Mysteries,$93.96,5.0
T133,Guagnano the land of Negroamaro,$32.79,
T134,E-Bike tour of the Via Appia Antica between history and nature,$88.24,
T135,San Paolo alla Regola - Underground Rome,$215.11,
T136,"Guided Tour Vatican Museums, Sistine chapel and San Peter's Church",$101.07,
T137,2-Hour Bike Tour of Bologna,$15.07,4.5
T138,Portofino Bike & Sea Self-guided Tour,$44.42,
T139,Ostia Antica by Electric Bike - Include Guided Tour of Ancient Roman Port & City,$225.16,5.0
T140,Aperitif in the famous undergound caves of Orvieto,$194.81,
T141,Visit To The Magic Perugina Chocolate House - Umbria,$170.16,1.0
T142,Real Exclusive Colosseum Dungeons & Underground Guided Tour Skip the Line Ticket,$67.18,
T143,Vatican Dawn Tour,$298.70,
T144,The Vatican City educational tour !!! No line !!! With guide !!!,$173.41,
T145,Private Family tour in Murano with glass factory visit,$279.46,
T146,The David & Michelangelo Guided Tour With Skip The Line Ticket,$84.99,
T147,Como: Semi-Private Walking Food Tour,$213.44,
T148,Walking Tour of Ferrara,$265.61,1.0
T149,"Vatican Museums, Sistine Chapel & St. Peter's private tour with Papal Tombs",$35.27,1.0
T150,The Charcuterie Museum: Private Tour and Tasting from Bologna,$76.16,
T151,Etna Private Tour - Pickup Time 08:30 from your Hotel,$261.07,
T152,Explore The Chic Neighborhood Of Trastevere,$109.61,1.0
T153,Catacombs and Appian way Tour,$87.97,
T154,Chiesa Parrocchiale Ss.mo Crocifisso,$192.93,4.5
T155,Basilica Santuario Madonna dei Miracoli,$275.15,4.5
T156,Chiesa del SS. Rosario,$137.48,4.0
T157,Chiesa di Santa Maria Assunta,$196.49,4.0
T158,Santuario Madonna di Capocolonna,$93.96,4.5
T159,Chiesa di San Leopoldo,$32.79,4.5
T160,Chiesa San Benedetto,$88.24,4.5
T161,Chiesa di San Giorgio,$215.11,4.5
T162,Chiesa della Santissima Annunziata,$101.07,4.0
T163,Chiesa di San Pietro,$15.07,4.5
T164,Chiesa dei Santi Filippo e Giacomo,$44.42,4.0
T165,Duomo di Gemona del Friuli,$225.16,4.5
T166,Chiesa di Sant'Andrea Apostolo e Immacolata Concezione,$194.81,4.0
T167,Parrocchia Nostra Signora dell'Assunta,$170.16,4.5
T168,Basilica di San Vicinio,$67.18,4.5
T169,Chiesa di San Giorgio e Giovanni Battista,$298.70,3.0
T170,Chiesa di San Leone Magno,$173.41,4.0
T171,Chiesetta di San Zeno,$279.46,4.0
T172,Chiesa di San Carlo Borromeo (Convento Padri Cappuccini),$84.99,4.5
T173,Parrocchia di S. Nicolò Vescovo al Tempio Ossario,$213.44,4.0
T174,Chiesa di San Ciriaco,$265.61,4.5
T175,Chiesa Collegiata di Sant'Agata,$35.27,4.5
T176,Basilica dei Santi Apostoli Pietro e Paolo,$76.16,4.0
T177,Chiesa di Santa Maria in Cielo Assunta,$261.07,4.5
T178,Parrocchia di Santo Stefano,$109.61,4.0
T179,"Basilica Matrice ""San Pietro""",$285.40,4.5
T180,Basilica di San Giovanni Evangelista,$14.00,4.5
T181,Chiesa di Santa Maria di Loreto,$105.87,5.0
T182,Parrocchia di S. Antonio,$72.93,4.0
T183,Electric scooter tour inside the Valley of the Temples Agrigento,$192.93,5.0
T184,Jewish Ghetto and Navona Food Wine and Sightseeing Tour of Rome,$275.15,5.0
T185,Pizza and Gelato Making Class,$137.48,5.0
T186,Skip the Line: Hard Rock Cafe Venice Including Meal,$196.49,4.0
T187,Underground Rome:Capuchin Crypts And Museum Entrance Tickets,$93.96,5.0
T188,Palermo City Hop-on Hop-off Tour,$32.79,3.0
T189,Siena Vespa Tour Including Lunch at a Chianti Winery,$88.24,5.0
T190,Underground Rome: Beneath the Streets Small-Group Tour,$215.11,4.5
T191,EXCITING BOAT TOUR to explore the coast from Tropea to Capo Vaticano; 1/2 day,$101.07,5.0
T192,Skip the line: Florence Duomo Cathedral small group guided tour,$15.07,3.5
T193,Colosseum Express Tour,$44.42,5.0
T194,Pizza workshop in Naples Make your Margherita,$225.16,5.0
T195,"Pompeii, Sorrento And Positano - Deluxe Group Tour",$194.81,5.0
T196,Vatican Gardens: Open Bus Tour with Audioguide,$170.16,
T197,"Horseback ride, lunch, Winery visit, wine tasting, visit S.Gimignano & more",$67.18,5.0
T198,"Syracuse, Ortigia and Noto walking tour from Catania",$298.70,4.5
T199,Rome E-Bike Tour: City Highlights,$173.41,5.0
T200,Private Transfer: from Naples (hotel-airport-train station) to Positano (hotel),$279.46,
T201,Florence Cheese and Wine Tasting,$84.99,5.0
T202,Discover Enchanting Rome by Night,$213.44,
T203,Half Day Sailing Tour Taormina Bay,$265.61,5.0
T204,Skip the Line: Milan Duomo Guided Tour,$35.27,4.0
T205,Airport - Venice Waterbus Ticket,$76.16,2.5
T206,Etna Summit Excursion,$261.07,5.0
T207,Domus Aurea Semi-Private Tour with Neighborhoods of the Colosseum,$285.92,5.0
T208,Baci Perugina Chocolate tour and Umbrian food tasting,$285.40,3.0
T209,Self-guided Discovery Walk in Bari: the local secrets of the Old Town,$14.00,
T210,Trastevere food walk with wine by night for small groups,$105.87,
T211,Pompeii & Vesuvius with Lunch & Wine tasting from Amalfi Coast,$72.93,
T212,Positano Romantic Dinner on Boat,$30.06,
T213,Skip-the-line Sistine Chapel Tickets - Vatican museums and Sistine chapel,$247.32,
T214,Tour of Rome by night (3 h),$110.16,
T215,"Amalfi Coast drive with Ravello, Amalfi&Positano stop day-trip from Rome",$147.58,
T216,Pizza Making Workshop,$190.24,
T217,"Private Skip the Line to Vatican Museums, Sistine Chapel & Rome Experience",$210.35,
T218,3 Days Private Boat Tour on the Amalfi Coast,$246.36,
T219,Ferrari Portofino - Test Drive in Maranello,$76.06,5.0
T220,"Top Desserts Food Tour: Tiramisu, Gelato, Espresso-granita around Navona",$61.68,5.0
T221,Introdive,$243.22,5.0
T222,Path of the gods hike,$263.78,5.0
T223,Amalfi Coast & Capri by boat,$90.02,5.0
T224,Rafting Power in Trentino,$29.18,4.5
T225,Vatican Museums and Sistine Chapel private tour,$234.76,5.0
T226,Private Rome by Night Vespa Tour,$53.01,5.0
T227,Full-Day Private Mount Etna Experience from Siracusa,$150.61,5.0
T228,"Cooking Class Verona,Cooking in a Crystal Kitchen",$230.08,5.0
T229,Capri and Blue Grotto Small Group tour,$290.48,5.0
T230,Private Tour: Naples Sightseeing by Vintage Fiat 500 or Fiat 600,$295.92,4.5
T231,Skip the Line Pompeii Guided Tour from Naples,$297.39,5.0
T232,Lu Impostu Beach,$192.93,4.5
T233,La Pelosa Beach,$275.15,4.5
T234,,$93.96,
T235,Monte Baldo,$88.24,4.5
T236,Porto Maurizio,$215.11,4.5
T237,Riserva Naturale Saline Di Trapani E Paceco,$194.81,4.5
T238,Cinque Terre Trails,$170.16,4.5
T239,Spiaggia La Cinta,$84.99,4.5
T240,Tropea Beach,$213.44,4.5
T241,Porto Giunco,$261.07,4.5
T242,Direct Transfer from Florence to Rome city center (or vice versa),$192.93,
T243,Amalfi Coast tour by night (6 hours),$275.15,
T244,Private Transfer: Ciampino Airport (CIA) to Frascati or vice versa,$137.48,
T245,Transfer from Praiano to Naples with 2hr Stop at Pompeii (1-8 PAX),$196.49,
T246,Private transfer from Palermo airport to Hotel Porta Felice or vice versa,$93.96,
T247,Private Guided Walking Tour in Pizzo Calabro,$32.79,
T248,Exclusive | Castel Sant Angelo & Breakfast Hadrian's Tomb Private Guided Tour,$88.24,
T249,Private Transfer: Fiumicino Airport (FCO) to Camerino or vice versa,$215.11,
T250,Tivoli Villa D’este & Hadrian’s Villa Private tour – lunch included,$101.07,
T251,Private transfer Service from Amalfi to Rome.,$15.07,
T252,Transfer from Naples to Rome with stop at Pompeii or Vice Versa,$44.42,
T253,Tasting of extra virgin olive oil,$225.16,
T254,Castel Sant'Angelo Museum | Tomb of Hadrian semi-private Guided Tour | VIP Entry,$194.81,5.0
T255,VISIT ROME: Museum Vatican Tour,$170.16,
T256,Private Feudi di San Gregorio Experience from Ravello,$67.18,
T257,Pompeii and Winery,$298.70,
T258,Siena Monteriggioni San Gimignano with Lunch&WineTasting Fullday from Florence,$173.41,
T259,Private Transfer from Catania (CTA) Airport to Pozzallo,$279.46,
T260,Venice Airport (VCE) - Montegrotto Terme / Private Transfer (up to 8 pax),$84.99,
T261,The sacred meets the prophane (free tour to Murano included) - PRIVATE,$213.44,
T262,Transfer Trieste - Poreč,$265.61,
T263,Transfer from Naples to Sorrento with stop at Pompeii site,$35.27,
T264,All Inclusive Rome - Vatican Sistine Chapel Colosseum Trevi Fountain & Pantheon,$76.16,
T265,Small Group Tour of Portofino Park from Camogli,$261.07,
T266,Full-Day Private Guided Tour to Pompeii from Rome with Lunch,$109.61,
T267,Colosseum Underground Walking Tour with Gladiator's Arena Express Entrance,$285.40,
T268,Share your Pasta Love: Small group Pasta and Tiramisu class in Padua,$14.00,
T269,iVenture Card Rome Flexi Attractions Pass,$105.87,
T270,Milan private guided tour,$72.93,
T271,No line dedicated entrance for Vatican museum & Sistine chapel with a guide,$30.06,
T272,Private Walking Tour of the Capitoline Museums in Rome,$247.32,
T273,Naples city Tour,$110.16,
T274,Capitoline Hill and Capitoline Museum Private Tour,$147.58,
T275,Understanding the land: wine tasting experience at Lunae Winery,$190.24,
T276,"Vatican Museums, Sistine Chapel & Food Tour w/ Tickets Included",$210.35,
T277,Private tour of the Duomo of Milan,$246.36,
T278,12 People Guided Tour: Skip the Line Ultimate Colosseum,$76.06,
T279,Share your Pasta Love: Small group Pasta and Tiramisu class in Spoleto,$61.68,
T280,Gardens of Florence Private Walking Tour,$243.22,
T281,Kid-Friendly Vatican Tour with Carriage Pavilion & Fast Access by Alessandra,$263.78,
T282,2-hour private tour of Baroque and Medieval Agrigento,$90.02,
T283,Historical Guided Walking Tour of the Navigli of Milan,$29.18,
T284,Tasting/Lunch in a Secret Winery of Lucca,$234.76,
T285,Ostia Antica: life in Ancient Rome – Private Tour,$53.01,
T286,"Syracuse, Ortigia & Noto",$150.61,
T287,Full-Day Volterra San Gimignano Private Tour with Wine Tasting,$230.08,
T288,Wine Tasting in Tuscany,$290.48,
T289,Private Pompeii & Horses & Wine w/ Pick up included,$295.92,
T290,Tivoli and Hadrian's Villa Full day from Rome,$297.39,
T291,Sorrento Handmade Pizza school,$192.93,
T292,The Gems and History of Naples,$275.15,
T293,From Rome to Amalfi Coast in Just One Day Tour,$137.48,
T294,Siena countryside: cooking class in an exclusive estate,$196.49,
T295,Private Transfer from Catania (CTA) Airport to Etna,$93.96,
T296,The prestigious world of Barolo with Sommelier,$32.79,
T297,"Parco Sempione and its ""Milanese Tour Eiffel"" with a panoramic aperitif",$88.24,
T298,Taxiboat - Private Transfer to Isola Bella from Stresa,$215.11,
T299,The Mura Pregne and Brucato. 3000 years of history near Palermo,$101.07,
T300,Stand Up Paddle guided tour through Amalfi Coast,$15.07,
T301,Transfer from Rome to Sorrento or Sorrento to Rome (1-8 PAX),$44.42,
T302,Fascism in Milan: Rise and Fall of Mussolini,$225.16,
T303,Venice Christmas Day Tour,$194.81,
T304,Half day luxury car with driver at disposal in Rome,$170.16,
T305,Private Photo Session with a Local Photographer in Vatican,$67.18,
T306,Transfer from Naples to Maiori / Minori or Vice Versa,$298.70,
T307,Wine Tasting and boat tour on Lake Albano,$173.41,
T308,Private Pizza & Tiramisu Class at Cesarina's home with tasting: Cava dei Tirreni,$279.46,
T309,Florence Gourmet FoodTour,$84.99,
T310,Pompeii and Museum of Naples Private Tour led by an Archaeologist,$213.44,
T311,Guided tour “Love stories of Polignano a Mare”,$265.61,
T312,Private Transfer from AMALFI to ROME with a stop in Pompeii or vv,$35.27,
T313,The Arsenale and Castello,$76.16,
T314,Private Tour of Pisa & Chianti Wine Tour with Lunch in Winery (8 Hrs),$261.07,
T315,Best Museums of Naples Tour with Skip-the-Line Tickets & Expert Guide,$109.61,
T316,Annunciata Galleria d'Arte,$192.93,
T317,Studio D'Arte G.R. (S.R.L.),$275.15,
T318,BUILDING Gallery,$137.48,
T319,Galleria Giorgio Chinea Art Cabinet,$196.49,
T320,Collezione Giani,$93.96,
T321,Spazio Espositivo InParadiso Gallery,$32.79,
T322,Spazio Espositivo Priuli Bon,$88.24,
T323,Museo Storia Memoria di Colloredo,$215.11,
T324,Museo dei Trattori d'Epoca Bisson Gianfranco,$101.07,
T325,Piccolo Museo della Moto,$15.07,
T326,Galleria Traghetto,$44.42,
T327,CADEM - Codex and Ancient Documents Exhibit Museum,$225.16,
T328,Bottega - Claudio Puntorno,$194.81,
T329,Romberg Arte Contemporanea,$170.16,
T330,"Museo Navale ""Dr. Ing. Ottorino Zibetti""",$67.18,
T331,"Centro Civico Culturale ""Guido Tavagnacco""",$298.70,
T332,Galleria Collicaligreggi,$173.41,
T333,Galleria Marelia,$279.46,
T334,Museo Antropologico “Giovanni Battista Filippa”,$84.99,
T335,Museo Archeologico del Compito,$213.44,
T336,Cristina Moregola Gallery,$265.61,
T337,Sala Lina Pagliughi,$35.27,
T338,Museo Tramonti Guerrino,$76.16,
T339,Casa Natale di Guido Monaco,$261.07,
T340,Museo dell'Acqua e del Mulino,$109.61,
T341,Centro di Documentazione e Polo didattico dell'Acqua,$87.97,
T342,Galleria d’Arte Contemporanea Vero Stoppioni,$105.87,4.5
T343,Le Macchine di Leonardo,$72.93,4.0
T344,Casa Morandi,$30.06,4.5
T345,Museo degli Strumenti Etnico Musicali,$247.32,4.5
T346,Maac,$110.16,4.0
T347,Museo Giovanni Boldini,$147.58,4.0
T348,Algudnei - Spazi per la Cultura Ladina del Comelico,$190.24,4.0
T349,Museo Nazionale Storico degli Alpini,$210.35,4.0
T350,"""La Galleria. Collezione e Archivio Storico"" di BPER Banca",$246.36,5.0
T351,Parco Archeologico Didattico Di Francavilla Marittima,$76.06,3.5
T352,Museo della Polvere da Sparo e del Contrabbando,$61.68,4.5
T353,Marco Bertoli - Art Consulting,$243.22,
T354,Museo Paolo Cresci,$263.78,4.0
T355,Museo della Casa Contadina,$90.02,3.5
T356,MUSEO DEL LUPO,$29.18,4.0
T357,Museo Diocesano: Lapidario E Raccolta Museale,$234.76,4.0
T358,Galleria dell'Incisione,$53.01,4.5
T359,Museo Diocesano di Santa Severina,$150.61,4.5
T360,ADRAM Basso Molise,$230.08,4.5
T361,Museo Civico “A. Vernarecci” e Pinacoteca Civica,$290.48,4.0
T362,Galleria Nazionale Della Puglia Girolamo E Rosaria Devanna,$295.92,4.5
T363,Museo Civico di Avellino,$297.39,3.5
T364,Palazzo del Trattato e Museo del Risorgimento,$31.32,3.0
T365,Museo Wagner,$216.62,4.0
T366,MUVIG Museo delle Tradizioni Locali di Viggiano,$203.94,4.0
T367,MILAN PRIVATE WALKING TOUR BY NIGHT: AMAZING MILAN - 2 h,$192.93,
T368,2-Hour Milan By Night Walking Tour,$275.15,
T369,Lake Como and Brunate full day tour from Milan.,$192.93,
T370,TURIN in the heart - Tour from MILAN,$275.15,
T371,Full-day Private Tour of Verona from Milan with Pick Up,$137.48,
T372,Venice Full-Day private tour,$196.49,
T373,"Day trip from Milan: Franciacorta, a paradise for wine lovers! - private tour",$93.96,
T374,Full-Day Como Lake Highlights Private Tour from Milan,$32.79,
T375,Brescia and Franciacorta outlet full-day tour,$88.24,
T376,Full Day Private Tour in Lake Como,$215.11,
T377,Full Day Turin and Langhe Wine Valley Tour from Milan - Max 7 Travelers!,$101.07,
T378,Valtellina Food Tour : Lake Como and Mountains discover - Private tour,$15.07,
T379,City Tour Bus Turistic with Cathedral guided,$44.42,
T380,Private 12-hours Tour to Venice from Milan with Hotel Pick-Up and drop off,$225.16,
T381,Milan hot air balloon flight Monday-Friday afternoon,$194.81,
T382,Full-Day Private Guided Tour of Valpolicella for Wine Lovers,$170.16,
T383,Full-Day Lake Como Private Sightseeing Cruise Tour from Milan,$67.18,
T384,Food & Wine Tour on Lake Orta from Milan - Private Tour,$298.70,
T385,One Day Private Tour of Alba City of Wine and Truffles,$173.41,
T386,Genova Private Guided Tour from Milan,$279.46,
T387,Private tour of Milan Skyline,$84.99,
T388,Visit of the natural reserve of Manerba del Garda,$213.44,
T389,Private Tour: Lake Garda with Sirmione and Franciacorta Outlet Day Trip from Milan,$265.61,
T390,Italian Christmas Markets Day Trip from Milan,$35.27,
T391,Full-Day Lake Como Private Guided Day Trip with Cable Car Ride,$76.16,
T392,Day trip from Milan: Valtellina and wine tasting - private tour,$261.07,
T393,Private Full-Day Trip along Como Lake by Boat from Milan,$109.61,
T394,Day Trip from Milan: Mantua and its highlights - private tour,$87.97,
T395,Pompeii Ruins & Lunch w/ Wine Tasting,$192.93,5.0
T396,Wine and Cheeses,$275.15,5.0
T397,Private Tour: Piedmont Wine Tasting of the Barolo Region,$137.48,
T398,"Pompeii, Herculaneum and wine experience on Mt Vesuvius with an archaeologist",$196.49,5.0
T399,Chianti Vineyards Tours in Private Luxury Van from Florence,$93.96,5.0
T400,Top Sparkling Tour: Private Day Trip from Milan to Discover Franciacorta Wine and Wineries,$32.79,5.0
T401,Private Full-Day Tour to Pompeii and Mt. Vesuvius with Winery Visit,$88.24,4.0
T402,Tour on Vesuvius with wine tasting,$215.11,
T403,Siena and Chianti Wineries Excursion by Private Luxury Van from Florence,$101.07,5.0
T404,Rome Wine & Food Tasting Dinner,$44.42,
T405,Private Tour - Tivoli and Wine Tasting: full-day tour from Rome with lunch,$225.16,
T406,Bike Tour and Wine Tasting in Colà di Lazise,$194.81,
T407,Lambrusco making: winery tour,$170.16,
T408,Traditional Cellar Tour in Bucine with Wine Tasting,$67.18,
T409,Amalfi Coast Wine Tour,$298.70,5.0
T410,Etna Urban Winery - Vineyard Walk and Tasting Experience,$173.41,5.0
T411,PRIVATE Full-Day Wine Experience in Chianti Classico.,$279.46,5.0
T412,Private tour of Pompeii Ruins + Organic Wine and Lunch tasting,$84.99,4.5
T413,Pompeii and Vesuvius Wine-Tasting Tour,$213.44,5.0
T414,Private Tour: Pompeii and Naples from Rome with Lunch and Wine Tasting in a Biologic Farm,$265.61,
T415,Aperitif at Ripalte for Sailors,$35.27,5.0
T416,"PRIVATE Full-Day GUIDED Tour: Siena, San Gimignano and Chianti",$76.16,5.0
T417,The Flavors of Palermo Private Tour: Wine & Bites,$261.07,4.5
T418,Montalcino and Montepulciano Private Tour,$109.61,5.0
T419,Wine tasting and Pasta making class with lunch: private tour from Rome,$192.93,
T420,Wine and Cheese Tastings Southern Tuscany ShoreExcursion from Civitavecchia Port,$275.15,
T421,Rome: Private Wine Tour and Pasta Making Class in a Winery,$137.48,
T422,From Florence with wine: the genuine taste of Chianti Rufina,$196.49,
T423,"""The Mall"" Florence outlet & Chianti wine from Rome",$93.96,
T424,Visit the Marchesi de Cordano winery and taste its wines,$32.79,
T425,2-Night Garda Lake and Verona Tour from Milan or Venice,$88.24,
T426,Ortigia food and wine tour with a local.,$215.11,
T427,"Private Tour: ""FRANCIGENA WAYS"" in Chianti with Lunch & 2 Wine-tasting",$101.07,
T428,FollowUs2Venice!,$15.07,
T429,"Truffle Hunting with Dog and Hunter, Lunch with NO LIMIT TRUFFLE in Le Marche",$44.42,
T430,wine tasting in Chianti and San Gimignano,$225.16,
T431,Wine Cheese and EVO Oil Tastings Southern Tuscany Fullday from Rome,$194.81,
T432,"Collect and taste the Saffron, the Abruzzese red gold",$170.16,
T433,Epic Tour of Pompeii with Winery Visit & Lunch,$67.18,
T434,Private Brunello & Nobile Wine Tour (for families or small groups),$298.70,
T435,Boutique wine tour in Renaissance Villa: the taste of excellence,$173.41,
T436,San Gimignano Full-Day Private Tour with Wine Tasting,$279.46,
T437,Casa Chianti Classico Tour from Florence and Vineyard Trekking,$84.99,
T438,TREKKING ETNA TOUR and WINE TASTING Full Day - departure from MESSINA (with GUIDE),$213.44,
T439,Como Lake / Bellagio-Tour in Ferrari,$265.61,
T440,Country picnic in the heart of Chianti,$35.27,
T441,Valpolicella Hills 4-Hour E-Bike and Wine Tour,$76.16,
T442,Montepulciano and Pienza Tuscany Wine&Cheese Fullday from Rome,$261.07,
T443,"Herculaneum, Horses & Wine",$87.97,
T444,Franciacorta Wine Tasting and Shopping Tour from Bergamo,$196.49,
T445,Wine Tasting Tour in the Umbrian Hills with Lunch,$93.96,
T446,Lambrusco Tasting and Visit to Monte delle Vigne,$32.79,1.0
T447,Lucca: 1-Hour Wine Tasting at the Winery,$88.24,1.0
T448,Private tour to Volterra and San Gimignano from Florence or Siena,$215.11,
T449,Friuli Venezia Giulia Wine and Culture Tour,$101.07,4.0
T450,From Rome: private Wine tasting and Nemi Tour *special meals - Private Tour,$15.07,
T451,Marche wine day tour from Ascoli Piceno,$44.42,
T452,Half-Day E-Bike Tour in Prosecco Hills with Prosecco Tasting,$225.16,
T453,Livorno Port Shore Excursion: Pisa San Gimignano and Siena Lunch&WineTasting,$194.81,
T454,"Wine tasting and horseback riding in Montepulciano, in Tuscany from Rome",$170.16,
T455,Full-Day Religious Tuscany and Umbria Tour from Florence,$67.18,
T456,Taste of Emilia-Romagna Small Group Gastronomy Tour from Florence,$298.70,
T457,Relax & Lambrusco: a day with a Vigneron at Bugno Martino,$173.41,
T458,Altamura tour on board of Tuk Tuk Piaggio Ape Calessino,$279.46,
T459,Vip Chianti & San Gimignano Tour,$84.99,
T460,Luxury Brunello wine tour,$213.44,
T461,Sips and bites of nocturnal Bologna,$265.61,
T462,"Milan Private Food Tour in Brera District - Gelato, Focaccia, Pastries and Wine",$35.27,
T463,ROME: Taste the best italian wines with a sommelier ( 3 different options),$76.16,
T464,Food and wine tour,$109.61,
T465,Tuk-Tuk Excursion in Tuscany,$87.97,
T466,VIP PRIORITY ACCESS: Uffizi Gallery,$192.93,5.0
T467,Wonders of Rome Walking Tour,$275.15,5.0
T468,Small-Group Amalfi Coast Day Cruise from Positano,$137.48,5.0
T469,Skip the line Pompeii Guided Tour from Sorrento,$196.49,4.5
T470,Private tour in a typical Capri boat,$93.96,5.0
T471,Serravalle Outlet Shopping Tour,$32.79,4.0
T472,Florence Eco Tour by Electric Golf Cart,$88.24,4.5
T473,Cinque Terre Day Trip from Milan,$215.11,3.5
T474,Private Florence Ghost Tour: Dante's Inferno Exploration Game,$101.07,4.5
T475,Open day at the Chocolate Factory,$15.07,
T476,Capri Boat Tour Cruise from Sorrento,$44.42,4.5
T477,Essence of Chianti Small Group Tour with Lunch and Tastings from Florence,$225.16,5.0
T478,Skip-The-Line Vatican Museum and Sistine Chapel RESERVATION,$194.81,
T479,Venice Ghost and Legends Walking Tour,$170.16,4.0
T480,Tivoli Day Trip from Rome with Lunch Including Hadrian's Villa and Villa d'Este,$67.18,4.5
T481,Discovery Capri island by boat,$298.70,4.5
T482,Vatican Night Tour - Rome,$173.41,4.0
T483,Bologna Food & Wine tour with a local Chef,$279.46,4.0
T484,Modena food tour,$84.99,5.0
T485,Capri COLLECTIVE boat excursion from Positano,$213.44,4.5
T486,Small Group Tour: Tuscany Wine Tour Siena and San Gimignano - Full Day Tour from Rome - Tasting and lunch included,$265.61,5.0
T487,Pompeii Private Tour with an Archaeologist Guide,$35.27,5.0
T488,Uffizi + David & Accademia Tour Exclusive,$76.16,4.5
T489,Wine Degustation Ebrezze,$261.07,5.0
T490,Skip the Line: Best of Venice Walking Tour with St Mark's Basilica,$109.61,3.5
T491,Naples Street Food Tour - Do Eat Better Experience,$275.15,5.0
T492,"Tour of the Costa degli Dei by boat, 3 hours with aperitif included",$137.48,5.0
T493,Guided Tour of Matera Sassi,$196.49,5.0
T494,Wine and Food Tasting in the Vineyards in Lazise,$88.24,5.0
T495,"Fast Track: Colosseum, Palatine Hill and Roman Forum Tour",$215.11,5.0
T496,Vespa Rental in Rome 24 hours,$15.07,5.0
T497,"Skip the Line: Colosseum, Roman Forum, and Palatine Tickets",$84.99,4.0
T498,Elite Etna Wine Alcantara From Taormina,$275.15,1.0
T499,Private Day trip Tour to Pompeii and Naples from Rome with Private Transfer,$93.96,
T500,Pompei and Amalfi Coast Full Day Tour,$88.24,2.0
T501,Pompeii SkipTheLine and Naples Full Day Tour from Rome,$215.11,2.0
T502,"Scopello and Tonnara di Scopello departing from Palermo, Private Tour",$101.07,2.5
T503,Valley of the Temples & Villa Romana del Casale: small group tour from Taormina,$15.07,
T504,Enna - Morgantina - Caltagirone Tour,$44.42,
T505,Herculaneum and Naples Full Day Private Tour From Rome,$225.16,
T506,Shered tour Amalfi Coast Private,$170.16,
T507,Naples shore excursion with English speaking driver,$67.18,
T508,"Etruscan civilization, the Unesco sites of Cerveteri and Tarquinia",$298.70,
T509,A private tour of Lugano and its lakeside villages,$173.41,
T510,Private Full-Day Independent Tour to Pisa and Lucca from Florence,$279.46,
T511,Amalfi Coast Private Tour,$84.99,
T512,Winter Triglav National Park Adventure - Half day trip from Ljubljana,$213.44,
T513,Pompeii Skip-The-Line and Naples from Sorrento or Positano or Amalfi or Salerno,$265.61,
T514,"Naples shore excursion to Pompeii, Positano & Sorrento",$76.16,
T515,Assisi (St. Francis & St. Claire) Private Day Tour from Rome,$261.07,
T516,PRIVATE Full-Day Pisa and Lucca GUIDED Tour from Florence,$109.61,
T517,Siena and San Gimignano Private Tour from Your Hotel in Rome,$87.97,
T518,Rome Post Cruise Tour from Civitavecchia Port to FCO Rome Airport,$192.93,
T519,Naples Airport Train Station or Hotel to Massa Lubrense Private arrival Transfer,$275.15,
T520,Private Transfer from Fiumicino Airport to Civitavecchia Cruise Port,$137.48,
T521,Door-To-Door Private Transfer Fiumicino FCO Airport to Ravello or viceversa,$196.49,
T522,Private Transfer from Brindisi (BDS) Airport to Torre San Gennaro,$93.96,
T523,Transfer from Naples to Sorrento with 2 hours to visit Pompei ruins,$32.79,
T524,"Private transfer, MSC Orchestra, Venice port cruise terminal, Marco Polo airport",$88.24,2.0
T525,"Private transfer, MSC Sinfonia, Venice cruise terminal, Marco Polo airport",$215.11,1.0
T526,Private transfer from Venice Port to Venice Airport by Minivan,$101.07,
T527,Naples Airport private arrival transfer to Positano Hotels,$15.07,
T528,Venice Airport Transfer from Marco Polo Airport (VCE) to Venice Cruise Port,$44.42,
T529,Private Arrival Transfer from Treviso Sant'Angelo Airport to Venice city,$225.16,1.0
T530,Shuttle Roundtrip Transfer from Fiumicino Airport - Rome Hotel plus Return Trip,$194.81,2.0
T531,Private Departure Transfer: Venice Hotels to Treviso Airport,$170.16,1.0
T532,Private Airport Transfer: Naples International Airport (NAP) to Naples,$67.18,2.0
T533,Private Transfer from Florence Airport to Florence City Hotel,$298.70,
T534,"Private transfer service, MSC Opera, Trieste cruise terminal, Venice airport",$173.41,2.0
T535,Private Transfer from Rimini (RMI) Airport to Ferrara,$279.46,
T536,Private transfer from BARI Airport to MATERA,$84.99,
T537,Transfer from Naples to Sorrento or Vice Versa,$213.44,
T538,With CivitavecchiaTransfers Your Experience in Rome will be Magic!,$265.61,
T539,Arrival or departure transfer from Olbia Airport to any destination in Sardinia,$35.27,
T540,"Private transfer, Crystal Serenity, Venice cruise terminal, Marco Polo airport",$76.16,
T541,Florence Airport (FLR) - Florence / Private Transfer (up to 8 pax),$261.07,
T542,"Hotel Kalura, Cefalù for Palermo airport or vice versa, Private Transfer",$109.61,
T543,Private Transfer from Sciacca to Catania (CTA) Airport,$87.97,
T544,Private Transfer: Fiumicino Airport (FCO) to Venice or vice versa,$35.27,
T545,Transfer from Naples to Sorrento (or reverse) via Ercolano 2hr,$76.16,
T546,Private Transfer from Siracusa to Catania (CTA) Airport,$261.07,
T547,Private airport transfer Mercedes S 560 Maybach 4 matic,$109.61,
T548,Trasfers Airport to Rome city,$87.97,3.0
T549,Hidden Rome Food Tour in Trastevere with Dinner and Wine,$192.93,5.0
T550,Palazzo Vecchio guided experience with entrance ticket,$275.15,5.0
T551,Naples Airport to Positano or Ravello Private Arrival Transfer,$109.61,
T552,Skip the Line: Leonardo da Vinci Walking Tour of Milan Including 'The Last Supper' Ticket,$192.93,4.5
T553,Vatican Museums - Small Group Tour,$275.15,5.0
T554,Colosseum and Ancient Rome Small-Group Walking Tour,$137.48,5.0
T555,"Venice Islands Day Trip: Murano, Burano & Torcello",$93.96,3.5
T556,Skip the Line: Vatican Museums and Sistine Chapel Ticket with Dedicated Time,$109.61,
T557,The Best tour in Florence: Renaissance and Medici Tales,$192.93,5.0
T558,Last Supper Ticket and Milan Half-Day Tour,$275.15,3.5
T559,Trevi Underground,$93.96,4.5
T560,"Enjoy Vatican Museums , Sistine Chapel , Raphael rooms : guided tour",$109.61,4.0
T561,Godfather vs Mafia Tour & Sicilian Light Lunch (Small Group),$192.93,4.5
T562,5-Day Best of Italy Trip,$275.15,4.0
T563,"Lake Como, Bellagio And Varenna",$137.48,4.5
T564,Venice Carnival Mask-Making Class,$196.49,4.5
T565,Hop-on Hop-off Sightseeing Open Bus tour of Rome,$93.96,5.0
T566,Small group tour of the caves of Santa Maria di Leuca,$32.79,5.0
T567,Teatro La Fenice Tour in Venice,$215.11,4.0
T568,"3-Day South Italy Tour from Rome: Fall in Love with Pompeii, Sorrento and Capri",$192.93,4.5
T569,Mount Etna nature and flavors half day Tour from Taormina,$275.15,5.0
T570,Stresa: Day Pass 3 Borromean Islands Hop-On Hop-Off Boat Tour,$93.96,4.0
T571,Siena Historic City Walking Tour with Cathedral Option,$32.79,4.5
T572,Small-Group Tour: Pompeii and Naples from Rome with Lunch in a Biologic Farm,$192.93,4.5
T573,Pompeii Ruins Day Tour from Rome,$275.15,4.5
T574,From Catania Etna at Sunset half day tour,$93.96,5.0
T575,1-Hour Rooftop Guided Tour of Milan's Duomo,$109.61,4.5
T576,"Balsamic Vinegar, Olive oil and Organic Winery Tour in Assisi with tasting",$192.93,5.0
T577,Pompeii and Vesuvius from Sorrento: Small Group with skip-the-line tickets included,$275.15,5.0
T578,Boat trip La Maddalena Archipelago - Departure from Palau,$196.49,5.0
T579,"Capri: Boat Tour, Priority Tickets & Blue Grotto (Optional)",$215.11,4.0
T580,Venice: Murano Glass Masters of the Ex Chiesa Small Group Tour,$109.61,4.5
T581,Giro In Bicicletta - Milano Nascosta - Gioielli Segreti E Curiosità,$192.93,
T582,Duomo Cathedral Guided Tour,$275.15,4.0
T583,Bike tour of the main historical hidden gems of Milan,$137.48,5.0
T584,Miles and smiles /// Milan's ride,$196.49,5.0
T585,Private Bicycle Tour in Milan 3 hours,$93.96,4.5
T586,Milan Highlights eBike tour,$32.79,5.0
T587,Milan Hidden Treasures Bike Tour,$215.11,5.0
T588,Milan Highlights Small-Group Bike Tour,$101.07,4.5
T589,Private Vatican Museums and Sistine Chapel Tour with Skip-the-line Pass,$192.93,5.0
T590,Skip The Line: Vatican Private Tour,$275.15,5.0
T591,Private 4 Roman Pastas Tasting Tour in Rome,$137.48,5.0
T592,ROME FOOD TOUR: 8 Tastings | Mini-Group of 8 People,$196.49,5.0
T593,Bike Station Valpolicella: E-bike tour & Amarone Tasting,$93.96,4.5
T594,Reservation Line Florence Cathedral and Duomo Climb Guided Tour,$32.79,5.0
T595,Naples Shore Excursion: Mt Vesuvius Half-Day Trip from Naples,$88.24,
T596,"The castle of Milan, private guided tour",$215.11,5.0
T597,Private Trekking at sunset on Mount Etna,$101.07,5.0
T598,"In Florence in Leonardo da Vinci's footsteps, Private Tour",$15.07,4.0
T599,Colosseum and Roman Forum Private Tour,$44.42,
T600,Rome: Half a Day City Walking Tour,$225.16,
T601,CSTRents - Brescia Segway PT Authorized Tour,$194.81,
T602,Verona private guided tour from Milan,$170.16,
T603,Pisa experience: Leaning Tower & Piazza dei Miracoli by minivan from Florence,$298.70,
T604,Testaccio Neighborhood Food & Market Tour,$173.41,5.0
T605,Cinque Terre Amazing Private Boat Tour,$279.46,5.0
T606,Discovering Cagliari,$84.99,5.0
T607,Skip the Line Colosseum and Ancient Rome Intimate Group of max 6 Tour,$213.44,5.0
T608,Mount Etna Tour at Sunset - Small Groups from Taormina,$265.61,5.0
T609,Tour in bike history Island Ortigia and archeological park Neapolis,$35.27,5.0
T610,Milan: Walking Tour of the City Center & Last Supper,$76.16,4.5
T611,TAORMINA and CASTELMOLA TOUR,$261.07,5.0
T612,"E-bike tour to the Alfina Castle, Sasseto forest, tasting in the cellar",$109.61,5.0
T613,"Borghese Gallery Private Guided Tour including tickets, hotel pick up & drop off",$192.93,
T614,Roman Countryside Food and Wine Tasting small group Tour,$275.15,
T615,Pompeii All Inclusive Shared Tour From Naples or Rome,$137.48,
T616,Private Tour of the Royal Villa of Marlia with Tasting,$196.49,
T617,Half-Day Guided Historical Tour of Colosseum and Ancient Rome,$93.96,
T618,Your First Time in Venice,$32.79,
T619,Rome StreetFood Tour,$88.24,
T620,Sunrise Tour with a Driver Guide & Early Morning Vatican Museums with a Private Tour Guide,$215.11,
T621,Catania and Cyclops Riviera - myths and legends,$101.07,
T622,Colosseum SkipTheLine for Kids and Families,$15.07,
T623,Wine experience in a pre-philloxera Winery in Amalfi Coast!,$44.42,
T624,Off the beaten track: Ancient Pompeii & Oplontis Private Guided Tour,$225.16,
T625,SkipTheLine FastAccess Vatican Museums Sistine Chapel with Expert Tour Guide,$194.81,
T626,Private city tour by night in Rome with Driver-Guide including aperitivo,$170.16,
T627,6-Hour Private Tour in Province of Rome,$67.18,
T628,Private Cruise: Southern Venice Lagoon Fishing Villages,$298.70,
T629,Rome: 3-Hour Private Tour by Chauffeur-Driven Vehicle,$173.41,
T630,14+ Milan Attractions on Private Tour with Local Expert Guide,$279.46,
T631,"Tour di Roma "" il centro del mondo"" con bicicletta elettrica Kalkhoff!",$84.99,
T632,Milan private flight,$213.44,
T633,Panoramic Rome tour by car with driving escort,$265.61,
T634,Private Gulf of Naples Sunset Tour by Catamaran with Sushi Experience,$35.27,
T635,Bike Tour On Monte Grappa,$76.16,
T636,"Skip-the-line Tour of the Colosseum, Forum & Ancient Rome",$261.07,
T637,Rome Authentic StreetFood Tour with Friendly Local Guide,$109.61,
T638,Capri and Positano Private Boat Excursion,$265.61,
T639,Skip-the-Line Tour Sistine Chapel and St. Peter's Dome,$35.27,
T640,Pompeii & Archaeological Museum Of Naples Walking Tour With A Real Archaeologist,$76.16,
T641,"""When in Rome, do as the Romans Do!"" Rome StreetFood with Friendly Local Guide",$261.07,
T642,"Milan Private Art Tour with a Local Guide, Customized ★★★★★",$109.61,
T643,Colosseum Underground plus Belvedere Top Levels Tour,$137.48,5.0
T644,La Spezia - History of an ancient town and visit to the Navy Museum,$15.07,1.0
T645,Self-Guided Private Tour: Breathtaking Views of Rome,$44.42,
T646,Venice: Doge's Palace and St Mark's Basilica Private Tour,$225.16,
T647,"Underground, Colosseum, Arena, , Forum and Palatine Hill fast track entrance",$170.16,
T648,Naples By Night With Dinner from Naples,$67.18,
T649,Guided Tour With Transfer From Naples To The Archaeological Site Of Herculaneum,$298.70,1.0
T650,Private 3-Hour Walking Tour of Rome with private official tour guide,$173.41,
T651,"Colosseum, Forum & Palatino with pickup",$279.46,
T652,Rome's Squares and Fountains Private walking Tour,$265.61,
T653,Exclusive Pope's Summer Residence Tour,$35.27,1.0
T654,Matera Day Trip from Bari with Food Tasting,$76.16,
T655,Padua Food and Bike tour with a local expert,$261.07,2.0
T656,Bomarzo Sacro Bosco and Viterbo 6 people,$32.79,2.0
T657,"Vatican, Colosseum, Forum & Palatine Hill Combo Tour With Hop-hop-off & Lunch",$101.07,
T658,Tour from Rome to Pompei and Amalfi cost,$44.42,
T659,"Amalfi Coast Experience - Positano, Amalfi & Ravello",$170.16,2.0
T660,AREZZO and CORTONA - Private Tour,$213.44,2.0
T661,Exclusive from Civitavecchia Port Private Tour of Vatican & Colosseum with Lunch,$265.61,
T662,Ticket to ride: a panoramic train running close to Lake Maggiore,$109.61,2.0
T663,Full-Day Boat Tour in San Vito Lo Capo,$192.93,5.0
T664,"Private Shore Excursion from Naples to Pompeii, Sorrento and Positano",$275.15,5.0
T665,Amalfi and Positano Boat Tour | Full Day,$137.48,5.0
T666,The Best of Cinque Terre Small Group Tour from Montecatini Terme,$196.49,5.0
T667,Best of Rome & Vatican Skip the line Private Tour,$93.96,5.0
T668,Amalfi Coast with Pompei Sorrento Positano,$32.79,5.0
T669,Private 6 Hours Tour Cinque Terre,$88.24,5.0
T670,Etna-taormina-Isola Bella,$215.11,4.5
T671,Cinque Terre hiking tour from La Spezia train station,$101.07,5.0
T672,Villa Romana Del Casale in Piazza Armerina and Valley Of Temples in Agrigento,$15.07,5.0
T673,Amalfi Coast Boat Tour - Small Group from Naples,$44.42,5.0
T674,Minicrociera Positano & Amalfi da Sorrento,$225.16,5.0
T675,Pompeii and Naples Day Trip from Rome,$194.81,4.0
T676,Tindari And Milazzo,$170.16,5.0
T677,Rome in a day skip the line private tour with taxi transfer,$67.18,5.0
T678,"Spello: a journey through flowers, mosaics and ancient Roman ruins",$298.70,5.0
T679,Capri and Anacapri SELECT Guided Tour from Sorrento,$173.41,4.0
T680,Shore Excursion to Rome from Civitavecchia Port with Typical Lunch included,$279.46,5.0
T681,"Pompeii, Amalfi coast and Positano tour",$84.99,5.0
T682,A day on the Amalfi Coast,$265.61,5.0
T683,Ischia and Procida Day Cruise,$35.27,5.0
T684,Positano Amalfi private boat tour from Sorrento,$76.16,5.0
T685,Day Trip from Naples to Mt Vesuvius & Pompeii,$261.07,4.5
T686,Pompeii & Vesuvius from Naples,$109.61,5.0
T687,Rome: 8 Hour VIP Private Shore Excursion Cruise Pier Pickup,$192.93,
T688,"Pompeii, Herculaneum and Vesuvius from Naples",$275.15,
T689,Private Transfer with stops: Florence - Venice with stops in Bologna and Ferrara,$137.48,
T690,Pisa and Florence Full Day Private Tour,$196.49,
T691,Rome Luxury Fullday with Professional Tour Guide and Driver,$93.96,
T692,Montepulciano and Pienza Tuscany Wine&Cheese Fullday from Florence,$32.79,
T693,Day Trip to Florence and Pisa from Livorno Cruise Port,$88.24,
T694,Guided Tour of Balsamic Vinegar with Tasting,$192.93,
T695,Livorno Private Shore Excursion to Volterra and San Gimignano,$275.15,
T696,Private Day Tour: Capri and Blue Grotto From Naples,$196.49,
T697,Rome Highlights Small-Group Guided Tour with Pickup and Lunch,$93.96,
T698,High Madonie jeep trail and Petralie,$32.79,
T699,"Underground Rome, Catacombs, the Appian way and Roman Castles (8hrs)",$88.24,
T700,Full day tour to Matera and Grottaglie,$215.11,
T701,Caserta: full-day shopping + history from Rome,$101.07,
T702,Day Trip from Bolzano to Innsbruck,$15.07,
T703,Positano-sorrento-pompei shore excursion,$44.42,
T704,Pompeii and Sorrento from Rome Guided Day Tour with Transportation,$225.16,
T705,Enjoy Pompeii And Vesuvius from Amalfi,$194.81,
T706,Cinque Terre Tour,$170.16,
T707,From Civitavecchia port Best of Rome,$67.18,
T708,Florence to Greve in Chianti: Ultimate Wine Tour with Lunch and Wine Tasting,$298.70,
T709,Civitavecchia Shared Shore Excursion To Rome (8 people max with driver),$173.41,
T710,Day Trip from Naples: Royal Palace of Caserta and Naples - private tour,$279.46,
T711,Day tour from Rome Siena San Gimignano Tenuta Torciano Winery include lunch,$84.99,
T712,Exclusive Brunello Tour with 3 Luxury Wineries and Lunch,$213.44,
T713,Matera Private Day Tour from Rome,$265.61,
T714,Italian Cooking Class in Abruzzo from Rome with Wine Tasting,$35.27,
T715,Excursion to Rome from the Port of Civitavecchia - Colosseum and Walking Tour,$109.61,
T716,Valtellina Food & Wine tasting full day tour,$265.61,
T717,Tuscany by Electric Bike,$35.27,2.5
T718,Rome Highlights Full-Day Guided Tour with Pickup and Lunch,$32.79,
T719,Full-Day Boat tour to Ischia and Procida from Naples,$88.24,
T720,AMALFI COAST: Private Day Tour from Rome,$215.11,
T721,Private Tour to the Castle of Gresti or Pietratagliata by Jeep,$101.07,
T722,Christian Rome Four Major Basilicas and Lunch Shore Excursion from Civitavecchia,$15.07,
T723,From Civitavecchia: Private Day Trip to Rome,$44.42,
T724,The Four Major Papal Basilicas of Rome (8hrs) with a private Guide,$225.16,
T725,Rome Full day to Orvieto and Bolsena Lake,$194.81,
T726,Ancient Ostia Ruins and Ostia Beach Shore Excursion from Civitavecchia Port,$67.18,
T727,Florence and Chianti Wine Tasting Tour by Minivan from Pisa,$35.27,
T728,Private Full Day Tour of Cinque Terre from Florence with Hotel pick up,$76.16,
T729,"Capri island , Blue Grotto and Positano day Tour from Naples",$261.07,3.0
T730,Cooking class in Polizzi Genrosa,$109.61,
T731,Tour of Villa d'Este and Villa Adriana from Rome and back,$192.93,
T732,Shore excursion from Civitavecchia Port Rome Food Tour,$275.15,
T733,"Positano, Amalfi and Ravello in a Private Day Tour from Naples or Sorrento",$137.48,
T734,WWII BATTLEFIELDS: Battle of Montecassino Shore Excursion from Civitavecchia,$196.49,
T735,Amalfi Coast Positano and Amalfi FullDay from Rome,$93.96,
T736,Pompeii Ruins & Hercualenum with Lunch & Wine Tasting from Rome,$32.79,
T737,Private Van Shopping Tour to the Mall,$88.24,
T738,San Gimignano Monteriggioni Tuscany Chianti Wine Tasting Fullday from Florence,$215.11,
T739,The Best of Rome from Fiumicino airport to port of Civitavecchia,$101.07,
T740,"Tour of Pompeii, Vesuvius, Herculaneum (full day 8 hours)",$15.07,
T741,Private Tour of the Cinque Terre from La Spezia,$44.42,
T742,"Ragusa, Modica and Scicli - Montalbano Tour ( departure from Catania area)",$225.16,
T743,Tour with transfer from Lecce to Otranto and Gallipoli,$194.81,
T744,3 Italy ShorExcursions: Civitavecchia Livorno Naples,$170.16,
T745,Visit of Paestum with the guide,$67.18,
T746,Explore the dying city Civita di Bagnoregio the Monster Park from Civitavecchia,$298.70,
T747,Siena Monteriggioni San Gimignano with Lunch&WineTasting Fullday from Rome,$173.41,
T748,Hop On! A Private Full Day Tour Of Venice From Rome,$279.46,
T749,NAPLES AND PHLEGRAEAN FIELDS (The area of ​​the volcanoes),$84.99,
T750,Rivoli Castle & Sacra di San Michele,$213.44,
T751,Day Trip from Salerno: Pompeii and Herculaneum - private tour,$265.61,
T752,Herculaneum ruins and Naples National Archaeological Museum tour from Naples,$35.27,
T753,Wine & Cheese Aperitivo Dinner Party at Wine Farm in Chianti - Ultimate Tour,$76.16,
T754,Semi-Independent Tour to Galatina and Gallipoli from Lecce,$261.07,
T755,Private The Enchantment of the Ligurian Coast: Cinque Terre and Portovenere,$109.61,
